"Group.1","Cuidar","ElijoProd","NuevosProd","Sensible","Balanceada","Humor","Practica","PielSana","RecoMedica","ProdNaturales","Precio","Edad","Hijos","Ingreso","MarcaA","MarcaB","MarcaC","MarcaD","FrecCompra","seg"
"1",1,4,2.12556053811659,2.08520179372197,2.14798206278027,2.98206278026906,4.92825112107623,3.91928251121076,3.96412556053812,3.06726457399103,1.59192825112108,5.87892376681614,46.5919282511211,2.06726457399103,3.18834080717489,0.0403587443946188,0.062780269058296,0.511210762331839,0.79372197309417,19.390134529148,1
"2",2,6,6.2108843537415,5.93197278911565,5.85034013605442,4.93877551020408,5.05442176870748,4.99319727891156,3.99319727891156,4.95238095238095,4.18367346938776,1.38095238095238,37.2721088435374,1.62585034013605,4.04761904761905,0.782312925170068,0.428571428571429,0.510204081632653,0.0272108843537415,35.4285714285714,2
"3",3,3,1.42156862745098,2.00980392156863,1.97058823529412,4.12745098039216,6.67647058823529,4.95098039215686,6.66666666666667,2.19607843137255,1.97058823529412,5.13725490196078,23.4117647058824,0.5,3.97058823529412,0.254901960784314,0.490196078431373,0.46078431372549,0.529411764705882,13.2254901960784,3
"4",4,4.6875,4,2.1328125,4.8671875,5.96875,5.5546875,4.0234375,2.1328125,6.65625,6.640625,1.984375,41.1171875,1.4609375,5.328125,0.15625,0.75,0.1015625,0.109375,27.2265625,4
